feature,coefficient,absolute_coefficient
cat__listed_in_Classic Movies,-38.6913946119289,38.6913946119289
cat__listed_in_TV Shows,-15.26091373787025,15.26091373787025
cat__rating_G,-13.761775915988562,13.761775915988562
cat__listed_in_Classic & Cult TV,-10.52666609157502,10.52666609157502
cat__listed_in_Cult Movies,-9.51207437886958,9.51207437886958
cat__rating_TV-MA,4.156396328103557,4.156396328103557
cat__listed_in_Action & Adventure,-3.8696039987107516,3.8696039987107516
cat__rating_PG,-3.5126081826221287,3.5126081826221287
cat__listed_in_Documentaries,2.9336402774715444,2.9336402774715444
cat__listed_in_Anime Features,2.85664357876163,2.85664357876163
cat__listed_in_Children & Family Movies,2.4410345891403553,2.4410345891403553
cat__rating_TV-Y,2.257998299764746,2.257998299764746
cat__listed_in_Reality TV,2.2069435362238043,2.2069435362238043
cat__rating_UR,-2.0076118402803713,2.0076118402803713
cat__listed_in_Anime Series,-1.9435799353626568,1.9435799353626568
cat__rating_TV-14,1.9166726574611335,1.9166726574611335
cat__listed_in_Movies,1.7030085762084244,1.7030085762084244
cat__rating_TV-Y7,1.7017486802322654,1.7017486802322654
cat__listed_in_Docuseries,1.6551212859360083,1.6551212859360083
cat__rating_PG-13,-1.4567611594226246,1.4567611594226246
cat__type_Movie,-1.2039149011604653,1.2039149011604653
cat__listed_in_TV Comedies,1.1391752138467546,1.1391752138467546
cat__listed_in_Kids' TV,1.0079755376236577,1.0079755376236577
cat__listed_in_TV Action & Adventure,0.8475873641884368,0.8475873641884368
cat__rating_R,0.625263936745677,0.625263936745677
cat__rating_TV-Y7-FV,-0.5333374573375436,0.5333374573375436
cat__listed_in_Music & Musicals,0.49935024112569737,0.49935024112569737
cat__listed_in_Dramas,-0.47020179694979897,0.47020179694979897
cat__listed_in_Stand-Up Comedy & Talk Shows,0.41870519394715,0.41870519394715
cat__listed_in_Crime TV Shows,0.3481136370278328,0.3481136370278328
num__description_length,-0.33845242908090634,0.33845242908090634
cat__listed_in_Comedies,-0.3077287900970707,0.3077287900970707
cat__rating_TV-PG,-0.3031459374548886,0.3031459374548886
cat__rating_TV-G,0.2821347229220115,0.2821347229220115
cat__listed_in_International Movies,0.2784415408794686,0.2784415408794686
cat__type_TV Show,0.2635242343640837,0.2635242343640837
cat__listed_in_TV Dramas,-0.2589069968839162,0.2589069968839162
cat__listed_in_Horror Movies,0.23130952708252336,0.23130952708252336
cat__listed_in_British TV Shows,-0.18933775593508634,0.18933775593508634
num__has_cast,0.16911311513135144,0.16911311513135144
num__has_director,-0.12289191157096223,0.12289191157096223
cat__listed_in_International TV Shows,0.12258334281519581,0.12258334281519581
cat__listed_in_Stand-Up Comedy,0.10328044362324537,0.10328044362324537
num__genre_count,0.10153719246472408,0.10153719246472408
num__country_count,0.09893945135177896,0.09893945135177896
cat__listed_in_Sci-Fi & Fantasy,0.04491370929007686,0.04491370929007686
cat__listed_in_Thrillers,-0.03505103647018522,0.03505103647018522
num__title_length,-0.013762764686420135,0.013762764686420135
